Frame_Number,Timestamp,Heart_Rate,Heart_Waveform
16,1747851452166.377,77.00859832763672,0.0
16,1747851452166.377,77.00859832763672,0.0
16,1747851452166.377,77.00859832763672,0.0
16,1747851452166.377,77.00859832763672,0.0
16,1747851452166.377,77.00859832763672,0.0
16,1747851452166.377,77.00859832763672,0.0
16,1747851452166.377,77.00859832763672,0.0
16,1747851452166.377,77.00859832763672,0.0
16,1747851452166.377,77.00859832763672,0.0
16,1747851452166.377,77.00859832763672,0.0
16,1747851452166.377,77.00859832763672,0.013920330442488194
16,1747851452166.377,77.00859832763672,0.08555381745100021
16,1747851452166.377,77.00859832763672,-0.12892790138721466
16,1747851452166.377,77.00859832763672,-0.24577824771404266
16,1747851452166.377,77.00859832763672,0.14217403531074524
32,1747851453605.0935,70.31220245361328,0.0
32,1747851453605.0935,70.31220245361328,0.0
32,1747851453605.0935,70.31220245361328,0.0
32,1747851453605.0935,70.31220245361328,0.0
32,1747851453605.0935,70.31220245361328,0.0
32,1747851453605.0935,70.31220245361328,-0.011608217842876911
32,1747851453605.0935,70.31220245361328,-0.07095865905284882
32,1747851453605.0935,70.31220245361328,0.11192405223846436
32,1747851453605.0935,70.31220245361328,0.19454219937324524
32,1747851453605.0935,70.31220245361328,-0.16303116083145142
32,1747851453605.0935,70.31220245361328,-0.26731178164482117
32,1747851453605.0935,70.31220245361328,0.059293270111083984
32,1747851453605.0935,70.31220245361328,0.16575878858566284
32,1747851453605.0935,70.31220245361328,0.02238154038786888
32,1747851453605.0935,70.31220245361328,0.013255108147859573
48,1747851455054.7852,73.660400390625,-0.011807226575911045
48,1747851455054.7852,73.660400390625,-0.07213100045919418
48,1747851455054.7852,73.660400390625,0.11402362585067749
48,1747851455054.7852,73.660400390625,0.19768939912319183
48,1747851455054.7852,73.660400390625,-0.16615796089172363
48,1747851455054.7852,73.660400390625,-0.2719345688819885
48,1747851455054.7852,73.660400390625,0.06015947461128235
48,1747851455054.7852,73.660400390625,0.16915857791900635
48,1747851455054.7852,73.660400390625,0.023841794580221176
48,1747851455054.7852,73.660400390625,0.013021573424339294
48,1747851455054.7852,73.660400390625,-0.011294037103652954
48,1747851455054.7852,73.660400390625,-0.028640173375606537
48,1747851455054.7852,73.660400390625,0.14466270804405212
48,1747851455054.7852,73.660400390625,-0.04263058304786682
48,1747851455054.7852,73.660400390625,-0.43064168095588684
64,1747851456487.6147,66.96399688720703,-0.3122706413269043
64,1747851456487.6147,66.96399688720703,0.06786602735519409
64,1747851456487.6147,66.96399688720703,0.19737936556339264
64,1747851456487.6147,66.96399688720703,0.03379416465759277
64,1747851456487.6147,66.96399688720703,0.013657480478286743
64,1747851456487.6147,66.96399688720703,-0.008170545101165771
64,1747851456487.6147,66.96399688720703,-0.043263357132673264
64,1747851456487.6147,66.96399688720703,0.11220972239971161
64,1747851456487.6147,66.96399688720703,-0.025796324014663696
64,1747851456487.6147,66.96399688720703,-0.3893061876296997
64,1747851456487.6147,66.96399688720703,-0.15509945154190063
64,1747851456487.6147,66.96399688720703,0.38977500796318054
64,1747851456487.6147,66.96399688720703,0.4079408347606659
64,1747851456487.6147,66.96399688720703,-0.05991974472999573
64,1747851456487.6147,66.96399688720703,-0.23263972997665405
80,1747851457929.5176,68.63809967041016,-0.011535413563251495
80,1747851457929.5176,68.63809967041016,-0.052567869424819946
80,1747851457929.5176,68.63809967041016,0.09553195536136627
80,1747851457929.5176,68.63809967041016,-0.018179982900619507
80,1747851457929.5176,68.63809967041016,-0.36250197887420654
80,1747851457929.5176,68.63809967041016,-0.14976704120635986
80,1747851457929.5176,68.63809967041016,0.3555334508419037
80,1747851457929.5176,68.63809967041016,0.3905603289604187
80,1747851457929.5176,68.63809967041016,-0.02985510230064392
80,1747851457929.5176,68.63809967041016,-0.20889630913734436
80,1747851457929.5176,68.63809967041016,0.03621198236942291
80,1747851457929.5176,68.63809967041016,-0.03495067358016968
80,1747851457929.5176,68.63809967041016,-0.5476540327072144
80,1747851457929.5176,68.63809967041016,-0.25509536266326904
80,1747851457929.5176,68.63809967041016,0.8789089322090149
96,1747851459369.7747,71.98629760742188,-0.2494473159313202
96,1747851459369.7747,71.98629760742188,0.10325515270233154
96,1747851459369.7747,71.98629760742188,0.3413546085357666
96,1747851459369.7747,71.98629760742188,0.1719171106815338
96,1747851459369.7747,71.98629760742188,-0.08684012293815613
96,1747851459369.7747,71.98629760742188,-0.013654112815856934
96,1747851459369.7747,71.98629760742188,-0.14709773659706116
96,1747851459369.7747,71.98629760742188,-0.5129632353782654
96,1747851459369.7747,71.98629760742188,-0.1763353943824768
96,1747851459369.7747,71.98629760742188,0.750665009021759
96,1747851459369.7747,71.98629760742188,0.5961086750030518
96,1747851459369.7747,71.98629760742188,-0.34723609685897827
96,1747851459369.7747,71.98629760742188,-0.47645115852355957
96,1747851459369.7747,71.98629760742188,-0.21880808472633362
96,1747851459369.7747,71.98629760742188,0.06230521202087402
112,1747851460809.5244,58.59349822998047,0.4137076735496521
112,1747851460809.5244,58.59349822998047,-0.08608701825141907
112,1747851460809.5244,58.59349822998047,-0.541767954826355
112,1747851460809.5244,58.59349822998047,-0.2690540552139282
112,1747851460809.5244,58.59349822998047,0.562736988067627
112,1747851460809.5244,58.59349822998047,0.4924659729003906
112,1747851460809.5244,58.59349822998047,-0.3039449453353882
112,1747851460809.5244,58.59349822998047,-0.4000396728515625
112,1747851460809.5244,58.59349822998047,-0.1472761034965515
112,1747851460809.5244,58.59349822998047,0.1267186403274536
112,1747851460809.5244,58.59349822998047,0.3766569495201111
112,1747851460809.5244,58.59349822998047,0.035560667514801025
112,1747851460809.5244,58.59349822998047,-0.2235499620437622
112,1747851460809.5244,58.59349822998047,-0.013446878641843796
112,1747851460809.5244,58.59349822998047,-0.008908789604902267
128,1747851462246.5244,60.267601013183594,0.5691598653793335
128,1747851462246.5244,60.267601013183594,-0.12538564205169678
128,1747851462246.5244,60.267601013183594,-0.24994614720344543
128,1747851462246.5244,60.267601013183594,-0.14214517176151276
128,1747851462246.5244,60.267601013183594,0.05356141924858093
128,1747851462246.5244,60.267601013183594,0.28418272733688354
128,1747851462246.5244,60.267601013183594,-0.04520696401596069
128,1747851462246.5244,60.267601013183594,-0.24333685636520386
128,1747851462246.5244,60.267601013183594,0.035376280546188354
128,1747851462246.5244,60.267601013183594,0.05187300220131874
128,1747851462246.5244,60.267601013183594,-0.17075733840465546
128,1747851462246.5244,60.267601013183594,0.24201200902462006
128,1747851462246.5244,60.267601013183594,0.31301501393318176
128,1747851462246.5244,60.267601013183594,-0.33513012528419495
128,1747851462246.5244,60.267601013183594,-0.48248615860939026
144,1747851463725.159,53.57120132446289,0.28923940658569336
144,1747851463725.159,53.57120132446289,-0.04944425821304321
144,1747851463725.159,53.57120132446289,-0.24938327074050903
144,1747851463725.159,53.57120132446289,0.03800643980503082
144,1747851463725.159,53.57120132446289,0.05774826183915138
144,1747851463725.159,53.57120132446289,-0.16866545379161835
144,1747851463725.159,53.57120132446289,0.23745976388454437
144,1747851463725.159,53.57120132446289,0.3112340271472931
144,1747851463725.159,53.57120132446289,-0.23840180039405823
144,1747851463725.159,53.57120132446289,-0.37977176904678345
144,1747851463725.159,53.57120132446289,0.014261066913604736
144,1747851463725.159,53.57120132446289,0.450534850358963
144,1747851463725.159,53.57120132446289,0.018609344959259033
144,1747851463725.159,53.57120132446289,-0.5570690631866455
144,1747851463725.159,53.57120132446289,0.01895439624786377
160,1747851465126.4001,55.24530029296875,-0.17568540573120117
160,1747851465126.4001,55.24530029296875,0.23797616362571716
160,1747851465126.4001,55.24530029296875,0.31578442454338074
160,1747851465126.4001,55.24530029296875,-0.24552026391029358
160,1747851465126.4001,55.24530029296875,-0.3890242874622345
160,1747851465126.4001,55.24530029296875,0.025065749883651733
160,1747851465126.4001,55.24530029296875,0.45943987369537354
160,1747851465126.4001,55.24530029296875,0.007837533950805664
160,1747851465126.4001,55.24530029296875,-0.5508012175559998
160,1747851465126.4001,55.24530029296875,0.024118006229400635
160,1747851465126.4001,55.24530029296875,0.5162744522094727
160,1747851465126.4001,55.24530029296875,0.21477794647216797
160,1747851465126.4001,55.24530029296875,-0.2951682209968567
160,1747851465126.4001,55.24530029296875,-0.40030547976493835
160,1747851465126.4001,55.24530029296875,0.09331661462783813
176,1747851466569.639,70.31220245361328,0.0340418815612793
176,1747851466569.639,70.31220245361328,0.4703923761844635
176,1747851466569.639,70.31220245361328,0.00023052096366882324
176,1747851466569.639,70.31220245361328,-0.5487375259399414
176,1747851466569.639,70.31220245361328,0.025972068309783936
176,1747851466569.639,70.31220245361328,0.5078508853912354
176,1747851466569.639,70.31220245361328,0.2165485918521881
176,1747851466569.639,70.31220245361328,-0.29417917132377625
176,1747851466569.639,70.31220245361328,-0.4078185260295868
176,1747851466569.639,70.31220245361328,0.10077458620071411
176,1747851466569.639,70.31220245361328,0.19394418597221375
176,1747851466569.639,70.31220245361328,-0.08274364471435547
176,1747851466569.639,70.31220245361328,0.006614357233047485
176,1747851466569.639,70.31220245361328,0.27182015776634216
176,1747851466569.639,70.31220245361328,0.038088858127593994
192,1747851468008.887,77.00859832763672,0.4985412061214447
192,1747851468008.887,77.00859832763672,0.24597543478012085
192,1747851468008.887,77.00859832763672,-0.27046558260917664
192,1747851468008.887,77.00859832763672,-0.42224860191345215
192,1747851468008.887,77.00859832763672,0.10036280751228333
192,1747851468008.887,77.00859832763672,0.20209532976150513
192,1747851468008.887,77.00859832763672,-0.09805543720722198
192,1747851468008.887,77.00859832763672,-0.009814418852329254
192,1747851468008.887,77.00859832763672,0.2836826741695404
192,1747851468008.887,77.00859832763672,0.05323213338851929
192,1747851468008.887,77.00859832763672,-0.3913058936595917
192,1747851468008.887,77.00859832763672,-0.1720598340034485
192,1747851468008.887,77.00859832763672,0.2589293122291565
192,1747851468008.887,77.00859832763672,0.22991997003555298
192,1747851468008.887,77.00859832763672,-0.02583169937133789
208,1747851469448.5889,80.35679626464844,-0.29049819707870483
208,1747851469448.5889,80.35679626464844,0.39166510105133057
208,1747851469448.5889,80.35679626464844,0.7134099006652832
208,1747851469448.5889,80.35679626464844,0.13444948196411133
208,1747851469448.5889,80.35679626464844,-0.4669303894042969
208,1747851469448.5889,80.35679626464844,-0.5827234983444214
208,1747851469448.5889,80.35679626464844,-0.16054999828338623
208,1747851469448.5889,80.35679626464844,0.3225269317626953
208,1747851469448.5889,80.35679626464844,0.4032917022705078
208,1747851469448.5889,80.35679626464844,0.13765600323677063
208,1747851469448.5889,80.35679626464844,-0.12131044268608093
208,1747851469448.5889,80.35679626464844,-0.16930153965950012
208,1747851469448.5889,80.35679626464844,-0.25478222966194153
208,1747851469448.5889,80.35679626464844,0.007456392049789429
208,1747851469448.5889,80.35679626464844,0.23212122917175293
224,1747851470887.5562,77.00859832763672,-0.13145512342453003
224,1747851470887.5562,77.00859832763672,-0.8342353105545044
224,1747851470887.5562,77.00859832763672,-0.5745494961738586
224,1747851470887.5562,77.00859832763672,0.5502450466156006
224,1747851470887.5562,77.00859832763672,0.736427366733551
224,1747851470887.5562,77.00859832763672,0.13629955053329468
224,1747851470887.5562,77.00859832763672,-0.11203426122665405
224,1747851470887.5562,77.00859832763672,-0.27551448345184326
224,1747851470887.5562,77.00859832763672,-0.18773670494556427
224,1747851470887.5562,77.00859832763672,0.008143231272697449
224,1747851470887.5562,77.00859832763672,0.015294820070266724
224,1747851470887.5562,77.00859832763672,-0.01064997911453247
224,1747851470887.5562,77.00859832763672,0.22720277309417725
224,1747851470887.5562,77.00859832763672,0.13855773210525513
224,1747851470887.5562,77.00859832763672,-0.2617835998535156
240,1747851472328.7002,77.00859832763672,0.12583017349243164
240,1747851472328.7002,77.00859832763672,-0.11543607711791992
240,1747851472328.7002,77.00859832763672,-0.28067341446876526
240,1747851472328.7002,77.00859832763672,-0.1839035004377365
240,1747851472328.7002,77.00859832763672,0.02251403033733368
240,1747851472328.7002,77.00859832763672,0.019727230072021484
240,1747851472328.7002,77.00859832763672,-0.019005388021469116
240,1747851472328.7002,77.00859832763672,0.22748635709285736
240,1747851472328.7002,77.00859832763672,0.13852722942829132
240,1747851472328.7002,77.00859832763672,-0.2705346941947937
240,1747851472328.7002,77.00859832763672,-0.10507024824619293
240,1747851472328.7002,77.00859832763672,0.20507660508155823
240,1747851472328.7002,77.00859832763672,-0.01816471666097641
240,1747851472328.7002,77.00859832763672,-0.20959976315498352
240,1747851472328.7002,77.00859832763672,0.029348224401474
256,1747851473769.54,77.00859832763672,0.023788362741470337
256,1747851473769.54,77.00859832763672,-0.02673695981502533
256,1747851473769.54,77.00859832763672,0.22674915194511414
256,1747851473769.54,77.00859832763672,0.13878096640110016
256,1747851473769.54,77.00859832763672,-0.2760670781135559
256,1747851473769.54,77.00859832763672,-0.10559453070163727
256,1747851473769.54,77.00859832763672,0.2074984908103943
256,1747851473769.54,77.00859832763672,-0.01988571137189865
256,1747851473769.54,77.00859832763672,-0.20468959212303162
256,1747851473769.54,77.00859832763672,0.03625872731208801
256,1747851473769.54,77.00859832763672,0.18424123525619507
256,1747851473769.54,77.00859832763672,0.03989564627408981
256,1747851473769.54,77.00859832763672,0.05142784118652344
256,1747851473769.54,77.00859832763672,-0.12094880640506744
256,1747851473769.54,77.00859832763672,-0.22511160373687744
272,1747851475207.8367,77.00859832763672,-0.07845309376716614
272,1747851475207.8367,77.00859832763672,0.24705283343791962
272,1747851475207.8367,77.00859832763672,-0.0024768710136413574
272,1747851475207.8367,77.00859832763672,-0.20863816142082214
272,1747851475207.8367,77.00859832763672,0.02420462667942047
272,1747851475207.8367,77.00859832763672,0.16173473000526428
272,1747851475207.8367,77.00859832763672,-0.14535067975521088
272,1747851475207.8367,77.00859832763672,0.14291396737098694
272,1747851475207.8367,77.00859832763672,0.5025257468223572
272,1747851475207.8367,77.00859832763672,-0.3556756377220154
272,1747851475207.8367,77.00859832763672,-0.7840573787689209
272,1747851475207.8367,77.00859832763672,0.06771522760391235
272,1747851475207.8367,77.00859832763672,0.6207865476608276
272,1747851475207.8367,77.00859832763672,0.1984775960445404
272,1747851475207.8367,77.00859832763672,-0.2105579674243927
288,1747851476647.7305,78.68270111083984,0.14982594549655914
288,1747851476647.7305,78.68270111083984,-0.1557602882385254
288,1747851476647.7305,78.68270111083984,0.14688055217266083
288,1747851476647.7305,78.68270111083984,0.5073713064193726
288,1747851476647.7305,78.68270111083984,-0.3545820713043213
288,1747851476647.7305,78.68270111083984,-0.7777827978134155
288,1747851476647.7305,78.68270111083984,0.07440286874771118
288,1747851476647.7305,78.68270111083984,0.6101133823394775
288,1747851476647.7305,78.68270111083984,0.18299776315689087
288,1747851476647.7305,78.68270111083984,-0.20347711443901062
288,1747851476647.7305,78.68270111083984,-0.09251756966114044
288,1747851476647.7305,78.68270111083984,0.04268985986709595
288,1747851476647.7305,78.68270111083984,-0.03246891871094704
288,1747851476647.7305,78.68270111083984,-0.05778571963310242
288,1747851476647.7305,78.68270111083984,0.0037292316555976868
304,1747851478088.8728,71.98629760742188,0.04529610276222229
304,1747851478088.8728,71.98629760742188,0.09472745656967163
304,1747851478088.8728,71.98629760742188,0.3018995523452759
304,1747851478088.8728,71.98629760742188,0.05768144130706787
304,1747851478088.8728,71.98629760742188,-0.2948674261569977
304,1747851478088.8728,71.98629760742188,-0.1659720540046692
304,1747851478088.8728,71.98629760742188,0.12581603229045868
304,1747851478088.8728,71.98629760742188,0.10351811349391937
304,1747851478088.8728,71.98629760742188,-0.008559007197618484
304,1747851478088.8728,71.98629760742188,-0.00475287064909935
304,1747851478088.8728,71.98629760742188,0.05465151369571686
304,1747851478088.8728,71.98629760742188,0.05459614098072052
304,1747851478088.8728,71.98629760742188,-0.39941346645355225
304,1747851478088.8728,71.98629760742188,-0.16819697618484497
304,1747851478088.8728,71.98629760742188,0.5987454652786255
320,1747851479528.539,78.68270111083984,-0.15301348268985748
320,1747851479528.539,78.68270111083984,0.12146365642547607
320,1747851479528.539,78.68270111083984,0.09555350244045258
320,1747851479528.539,78.68270111083984,-0.0028030648827552795
320,1747851479528.539,78.68270111083984,0.0020181499421596527
320,1747851479528.539,78.68270111083984,0.05190897732973099
320,1747851479528.539,78.68270111083984,0.04837329685688019
320,1747851479528.539,78.68270111083984,-0.39408615231513977
320,1747851479528.539,78.68270111083984,-0.1634034514427185
320,1747851479528.539,78.68270111083984,0.5846089124679565
320,1747851479528.539,78.68270111083984,0.33741116523742676
320,1747851479528.539,78.68270111083984,-0.3441115915775299
320,1747851479528.539,78.68270111083984,-0.39002519845962524
320,1747851479528.539,78.68270111083984,-0.02874872088432312
320,1747851479528.539,78.68270111083984,0.21112537384033203
336,1747851480969.4336,78.68270111083984,0.05341271311044693
336,1747851480969.4336,78.68270111083984,0.04931102693080902
336,1747851480969.4336,78.68270111083984,-0.39429014921188354
336,1747851480969.4336,78.68270111083984,-0.16480538249015808
336,1747851480969.4336,78.68270111083984,0.5830471515655518
336,1747851480969.4336,78.68270111083984,0.3381526470184326
336,1747851480969.4336,78.68270111083984,-0.34238725900650024
336,1747851480969.4336,78.68270111083984,-0.38843727111816406
336,1747851480969.4336,78.68270111083984,-0.029096275568008423
336,1747851480969.4336,78.68270111083984,0.20764295756816864
336,1747851480969.4336,78.68270111083984,0.2781161069869995
336,1747851480969.4336,78.68270111083984,-0.1532718539237976
336,1747851480969.4336,78.68270111083984,-0.5030381679534912
336,1747851480969.4336,78.68270111083984,0.23709920048713684
336,1747851480969.4336,78.68270111083984,0.6932441592216492
352,1747851482409.2693,78.68270111083984,0.334603488445282
352,1747851482409.2693,78.68270111083984,-0.3327217996120453
352,1747851482409.2693,78.68270111083984,-0.3839861750602722
352,1747851482409.2693,78.68270111083984,-0.0324266254901886
352,1747851482409.2693,78.68270111083984,0.20610849559307098
352,1747851482409.2693,78.68270111083984,0.2754056453704834
352,1747851482409.2693,78.68270111083984,-0.1533149629831314
352,1747851482409.2693,78.68270111083984,-0.49722808599472046
352,1747851482409.2693,78.68270111083984,0.23731312155723572
352,1747851482409.2693,78.68270111083984,0.6871112585067749
352,1747851482409.2693,78.68270111083984,-0.1153336763381958
352,1747851482409.2693,78.68270111083984,-0.4724774658679962
352,1747851482409.2693,78.68270111083984,0.09135314077138901
352,1747851482409.2693,78.68270111083984,-0.021116580814123154
352,1747851482409.2693,78.68270111083984,-0.5031713247299194
368,1747851483849.5396,75.33450317382812,0.269013375043869
368,1747851483849.5396,75.33450317382812,-0.15315473079681396
368,1747851483849.5396,75.33450317382812,-0.48557624220848083
368,1747851483849.5396,75.33450317382812,0.24000802636146545
368,1747851483849.5396,75.33450317382812,0.6766505241394043
368,1747851483849.5396,75.33450317382812,-0.12131541967391968
368,1747851483849.5396,75.33450317382812,-0.4693737030029297
368,1747851483849.5396,75.33450317382812,0.09915933012962341
368,1747851483849.5396,75.33450317382812,-0.01449907012283802
368,1747851483849.5396,75.33450317382812,-0.50577312707901
368,1747851483849.5396,75.33450317382812,0.09151160717010498
368,1747851483849.5396,75.33450317382812,0.8965780138969421
368,1747851483849.5396,75.33450317382812,-0.0023807287216186523
368,1747851483849.5396,75.33450317382812,-0.7906646132469177
368,1747851483849.5396,75.33450317382812,0.12978020310401917
384,1747851485288.203,50.222999572753906,-0.11465877294540405
384,1747851485288.203,50.222999572753906,-0.4726859927177429
384,1747851485288.203,50.222999572753906,0.09442196041345596
384,1747851485288.203,50.222999572753906,-0.01204938068985939
384,1747851485288.203,50.222999572753906,-0.5051238536834717
384,1747851485288.203,50.222999572753906,0.0917891263961792
384,1747851485288.203,50.222999572753906,0.9023931622505188
384,1747851485288.203,50.222999572753906,-0.004365801811218262
384,1747851485288.203,50.222999572753906,-0.7974773645401001
384,1747851485288.203,50.222999572753906,0.12479943037033081
384,1747851485288.203,50.222999572753906,0.7183164358139038
384,1747851485288.203,50.222999572753906,-0.22126013040542603
384,1747851485288.203,50.222999572753906,-0.7800431251525879
384,1747851485288.203,50.222999572753906,-0.07603120803833008
384,1747851485288.203,50.222999572753906,0.5205451250076294
400,1747851486726.3833,80.35679626464844,0.03356140851974487
400,1747851486726.3833,80.35679626464844,0.7127336859703064
400,1747851486726.3833,80.35679626464844,0.33940649032592773
400,1747851486726.3833,80.35679626464844,-0.30414408445358276
400,1747851486726.3833,80.35679626464844,-0.363827109336853
400,1747851486726.3833,80.35679626464844,0.02199021726846695
400,1747851486726.3833,80.35679626464844,-0.0815536305308342
400,1747851486726.3833,80.35679626464844,-0.2980162501335144
400,1747851486726.3833,80.35679626464844,0.11300235986709595
400,1747851486726.3833,80.35679626464844,0.5297223329544067
400,1747851486726.3833,80.35679626464844,0.2534055709838867
400,1747851486726.3833,80.35679626464844,-0.20110279321670532
400,1747851486726.3833,80.35679626464844,-0.0709753930568695
400,1747851486726.3833,80.35679626464844,-0.028302371501922607
400,1747851486726.3833,80.35679626464844,-0.420276403427124
416,1747851488168.06,75.33450317382812,0.053154200315475464
416,1747851488168.06,75.33450317382812,-0.06364022940397263
416,1747851488168.06,75.33450317382812,-0.2948548197746277
416,1747851488168.06,75.33450317382812,0.1150895357131958
416,1747851488168.06,75.33450317382812,0.5051387548446655
416,1747851488168.06,75.33450317382812,0.22477379441261292
416,1747851488168.06,75.33450317382812,-0.1889195740222931
416,1747851488168.06,75.33450317382812,-0.055801212787628174
416,1747851488168.06,75.33450317382812,-0.027542725205421448
416,1747851488168.06,75.33450317382812,-0.39808762073516846
416,1747851488168.06,75.33450317382812,-0.5010772943496704
416,1747851488168.06,75.33450317382812,0.1522349715232849
416,1747851488168.06,75.33450317382812,0.9107251763343811
416,1747851488168.06,75.33450317382812,0.5766921043395996
416,1747851488168.06,75.33450317382812,-0.43372058868408203
432,1747851489606.3855,50.222999572753906,0.9082076549530029
432,1747851489606.3855,50.222999572753906,0.20467019081115723
432,1747851489606.3855,50.222999572753906,-0.0867571234703064
432,1747851489606.3855,50.222999572753906,-0.1409701108932495
432,1747851489606.3855,50.222999572753906,-0.5802357792854309
432,1747851489606.3855,50.222999572753906,-0.7428330779075623
432,1747851489606.3855,50.222999572753906,0.0511167049407959
432,1747851489606.3855,50.222999572753906,1.040878415107727
432,1747851489606.3855,50.222999572753906,0.7650216817855835
432,1747851489606.3855,50.222999572753906,-0.3490636348724365
432,1747851489606.3855,50.222999572753906,-0.5721001625061035
432,1747851489606.3855,50.222999572753906,-0.05774460732936859
432,1747851489606.3855,50.222999572753906,-0.18073487281799316
432,1747851489606.3855,50.222999572753906,-0.3525887727737427
432,1747851489606.3855,50.222999572753906,0.09617161750793457
448,1747851491046.3467,75.33450317382812,-0.7540270090103149
448,1747851491046.3467,75.33450317382812,0.044272541999816895
448,1747851491046.3467,75.33450317382812,1.0835354328155518
448,1747851491046.3467,75.33450317382812,0.7971101999282837
448,1747851491046.3467,75.33450317382812,-0.377300500869751
448,1747851491046.3467,75.33450317382812,-0.6195806264877319
448,1747851491046.3467,75.33450317382812,-0.064722940325737
448,1747851491046.3467,75.33450317382812,-0.15326142311096191
448,1747851491046.3467,75.33450317382812,-0.3337836265563965
448,1747851491046.3467,75.33450317382812,0.10454720258712769
448,1747851491046.3467,75.33450317382812,0.537713885307312
448,1747851491046.3467,75.33450317382812,0.36162063479423523
448,1747851491046.3467,75.33450317382812,0.02871626615524292
448,1747851491046.3467,75.33450317382812,-0.07416176795959473
448,1747851491046.3467,75.33450317382812,-0.19572654366493225
464,1747851492487.1592,75.33450317382812,-0.6220813393592834
464,1747851492487.1592,75.33450317382812,-0.06830580532550812
464,1747851492487.1592,75.33450317382812,-0.15268954634666443
464,1747851492487.1592,75.33450317382812,-0.3259965181350708
464,1747851492487.1592,75.33450317382812,0.10674446821212769
464,1747851492487.1592,75.33450317382812,0.5308784246444702
464,1747851492487.1592,75.33450317382812,0.3586268424987793
464,1747851492487.1592,75.33450317382812,0.03315848112106323
464,1747851492487.1592,75.33450317382812,-0.07086795568466187
464,1747851492487.1592,75.33450317382812,-0.19657346606254578
464,1747851492487.1592,75.33450317382812,-0.5238840579986572
464,1747851492487.1592,75.33450317382812,-0.31222105026245117
464,1747851492487.1592,75.33450317382812,0.4364944100379944
464,1747851492487.1592,75.33450317382812,0.23395098745822906
464,1747851492487.1592,75.33450317382812,-0.09272092580795288
480,1747851493930.3752,75.33450317382812,0.28338056802749634
480,1747851493930.3752,75.33450317382812,0.38942983746528625
480,1747851493930.3752,75.33450317382812,0.20995283126831055
480,1747851493930.3752,75.33450317382812,0.02445387840270996
480,1747851493930.3752,75.33450317382812,-0.18260249495506287
480,1747851493930.3752,75.33450317382812,-0.5663280487060547
480,1747851493930.3752,75.33450317382812,-0.36717158555984497
480,1747851493930.3752,75.33450317382812,0.4411102533340454
480,1747851493930.3752,75.33450317382812,0.28196924924850464
480,1747851493930.3752,75.33450317382812,-0.20187324285507202
480,1747851493930.3752,75.33450317382812,0.2647216320037842
480,1747851493930.3752,75.33450317382812,0.32985806465148926
480,1747851493930.3752,75.33450317382812,-0.36646151542663574
480,1747851493930.3752,75.33450317382812,-0.02157704532146454
480,1747851493930.3752,75.33450317382812,0.17120854556560516
496,1747851495367.248,75.33450317382812,-0.5581315159797668
496,1747851495367.248,75.33450317382812,-0.37913423776626587
496,1747851495367.248,75.33450317382812,0.42687034606933594
496,1747851495367.248,75.33450317382812,0.29634106159210205
496,1747851495367.248,75.33450317382812,-0.18540959060192108
496,1747851495367.248,75.33450317382812,0.2596835196018219
496,1747851495367.248,75.33450317382812,0.32236385345458984
496,1747851495367.248,75.33450317382812,-0.36373022198677063
496,1747851495367.248,75.33450317382812,-0.018452972173690796
496,1747851495367.248,75.33450317382812,0.16779717803001404
496,1747851495367.248,75.33450317382812,-0.5563927292823792
496,1747851495367.248,75.33450317382812,-0.31351393461227417
496,1747851495367.248,75.33450317382812,0.482327401638031
496,1747851495367.248,75.33450317382812,0.20079484581947327
496,1747851495367.248,75.33450317382812,0.069816455245018
512,1747851496807.4368,78.68270111083984,0.37419819831848145
512,1747851496807.4368,78.68270111083984,0.1723792552947998
512,1747851496807.4368,78.68270111083984,-0.5020215511322021
512,1747851496807.4368,78.68270111083984,0.018770702183246613
512,1747851496807.4368,78.68270111083984,0.26715928316116333
512,1747851496807.4368,78.68270111083984,-0.5062905550003052
512,1747851496807.4368,78.68270111083984,-0.5003870129585266
512,1747851496807.4368,78.68270111083984,0.5673245191574097
512,1747851496807.4368,78.68270111083984,0.7196876406669617
512,1747851496807.4368,78.68270111083984,-0.14100217819213867
512,1747851496807.4368,78.68270111083984,-0.3873368501663208
512,1747851496807.4368,78.68270111083984,-0.12668225169181824
512,1747851496807.4368,78.68270111083984,-0.03301851451396942
512,1747851496807.4368,78.68270111083984,-0.09534455835819244
512,1747851496807.4368,78.68270111083984,0.12325266003608704
528,1747851498246.7424,78.68270111083984,-0.5106587409973145
528,1747851498246.7424,78.68270111083984,-0.5144265294075012
528,1747851498246.7424,78.68270111083984,0.5573044419288635
528,1747851498246.7424,78.68270111083984,0.7136653661727905
528,1747851498246.7424,78.68270111083984,-0.14031261205673218
528,1747851498246.7424,78.68270111083984,-0.3796362280845642
528,1747851498246.7424,78.68270111083984,-0.12329773604869843
528,1747851498246.7424,78.68270111083984,-0.030467599630355835
528,1747851498246.7424,78.68270111083984,-0.09674704074859619
528,1747851498246.7424,78.68270111083984,0.11942492425441742
528,1747851498246.7424,78.68270111083984,0.28497007489204407
528,1747851498246.7424,78.68270111083984,0.04776287078857422
528,1747851498246.7424,78.68270111083984,-0.16165891289710999
528,1747851498246.7424,78.68270111083984,-0.027511384338140488
528,1747851498246.7424,78.68270111083984,0.030238907784223557
544,1747851499685.8586,77.00859832763672,-0.3914710283279419
544,1747851499685.8586,77.00859832763672,-0.2935676872730255
544,1747851499685.8586,77.00859832763672,0.06753402948379517
544,1747851499685.8586,77.00859832763672,0.5118550062179565
544,1747851499685.8586,77.00859832763672,-0.027310997247695923
544,1747851499685.8586,77.00859832763672,-0.5522552728652954
544,1747851499685.8586,77.00859832763672,-0.10898652672767639
544,1747851499685.8586,77.00859832763672,0.35112467408180237
544,1747851499685.8586,77.00859832763672,0.28523683547973633
544,1747851499685.8586,77.00859832763672,0.054435551166534424
544,1747851499685.8586,77.00859832763672,-0.1377790868282318
544,1747851499685.8586,77.00859832763672,-0.2089976966381073
544,1747851499685.8586,77.00859832763672,-0.1973746418952942
544,1747851499685.8586,77.00859832763672,-0.08487313985824585
544,1747851499685.8586,77.00859832763672,0.19089275598526
560,1747851501128.423,51.897098541259766,-0.5525469779968262
560,1747851501128.423,51.897098541259766,-0.11092028021812439
560,1747851501128.423,51.897098541259766,0.3475428819656372
560,1747851501128.423,51.897098541259766,0.28480929136276245
560,1747851501128.423,51.897098541259766,0.05684933066368103
560,1747851501128.423,51.897098541259766,-0.13718700408935547
560,1747851501128.423,51.897098541259766,-0.20971083641052246
560,1747851501128.423,51.897098541259766,-0.1959764063358307
560,1747851501128.423,51.897098541259766,-0.08346962928771973
560,1747851501128.423,51.897098541259766,0.18953916430473328
560,1747851501128.423,51.897098541259766,0.3410995304584503
560,1747851501128.423,51.897098541259766,0.07834810018539429
560,1747851501128.423,51.897098541259766,-0.2246299535036087
560,1747851501128.423,51.897098541259766,-0.10389205813407898
560,1747851501128.423,51.897098541259766,0.05511997267603874
576,1747851502565.6167,85.37909698486328,-0.12850093841552734
576,1747851502565.6167,85.37909698486328,-0.2089359611272812
576,1747851502565.6167,85.37909698486328,-0.2034544199705124
576,1747851502565.6167,85.37909698486328,-0.09003624320030212
576,1747851502565.6167,85.37909698486328,0.19148659706115723
576,1747851502565.6167,85.37909698486328,0.347119003534317
576,1747851502565.6167,85.37909698486328,0.08377602696418762
576,1747851502565.6167,85.37909698486328,-0.2218984067440033
576,1747851502565.6167,85.37909698486328,-0.11249396950006485
576,1747851502565.6167,85.37909698486328,0.04345761612057686
576,1747851502565.6167,85.37909698486328,-0.0020427301060408354
576,1747851502565.6167,85.37909698486328,0.026517562568187714
576,1747851502565.6167,85.37909698486328,0.022371400147676468
576,1747851502565.6167,85.37909698486328,-0.2376488745212555
576,1747851502565.6167,85.37909698486328,-0.10544160008430481
592,1747851504006.551,50.222999572753906,0.24492397904396057
592,1747851504006.551,50.222999572753906,0.0003439188003540039
592,1747851504006.551,50.222999572753906,-0.27104830741882324
592,1747851504006.551,50.222999572753906,-0.0880851000547409
592,1747851504006.551,50.222999572753906,0.11911945790052414
592,1747851504006.551,50.222999572753906,0.05020695924758911
592,1747851504006.551,50.222999572753906,0.025038648396730423
592,1747851504006.551,50.222999572753906,0.006491601467132568
592,1747851504006.551,50.222999572753906,-0.24710708856582642
592,1747851504006.551,50.222999572753906,-0.12210091948509216
592,1747851504006.551,50.222999572753906,0.342397004365921
592,1747851504006.551,50.222999572753906,0.04189452528953552
592,1747851504006.551,50.222999572753906,-0.09381751716136932
592,1747851504006.551,50.222999572753906,0.31752809882164
592,1747851504006.551,50.222999572753906,0.030032992362976074
608,1747851505446.785,51.897098541259766,0.05843404680490494
608,1747851505446.785,51.897098541259766,0.02251070737838745
608,1747851505446.785,51.897098541259766,-0.006444782018661499
608,1747851505446.785,51.897098541259766,-0.24497279524803162
608,1747851505446.785,51.897098541259766,-0.11154621839523315
608,1747851505446.785,51.897098541259766,0.3391302227973938
608,1747851505446.785,51.897098541259766,0.03823570907115936
608,1747851505446.785,51.897098541259766,-0.09001490473747253
608,1747851505446.785,51.897098541259766,0.3167080283164978
608,1747851505446.785,51.897098541259766,0.027671515941619873
608,1747851505446.785,51.897098541259766,-0.5348882675170898
608,1747851505446.785,51.897098541259766,-0.28129085898399353
608,1747851505446.785,51.897098541259766,0.39971593022346497
608,1747851505446.785,51.897098541259766,0.3303476870059967
608,1747851505446.785,51.897098541259766,-0.17604710161685944
624,1747851506887.7788,71.98629760742188,0.33920764923095703
624,1747851506887.7788,71.98629760742188,0.026126548647880554
624,1747851506887.7788,71.98629760742188,-0.09453292936086655
624,1747851506887.7788,71.98629760742188,0.32541424036026
624,1747851506887.7788,71.98629760742188,0.032685041427612305
624,1747851506887.7788,71.98629760742188,-0.540291965007782
624,1747851506887.7788,71.98629760742188,-0.28567197918891907
624,1747851506887.7788,71.98629760742188,0.4070247709751129
624,1747851506887.7788,71.98629760742188,0.3330483138561249
624,1747851506887.7788,71.98629760742188,-0.1855870485305786
624,1747851506887.7788,71.98629760742188,-0.29746755957603455
624,1747851506887.7788,71.98629760742188,0.1990673989057541
624,1747851506887.7788,71.98629760742188,0.22932212054729462
624,1747851506887.7788,71.98629760742188,-0.17213808000087738
624,1747851506887.7788,71.98629760742188,-0.018884606659412384
640,1747851508328.1562,51.897098541259766,-0.5402281284332275
640,1747851508328.1562,51.897098541259766,-0.28542113304138184
640,1747851508328.1562,51.897098541259766,0.40570589900016785
640,1747851508328.1562,51.897098541259766,0.33208030462265015
640,1747851508328.1562,51.897098541259766,-0.1819242686033249
640,1747851508328.1562,51.897098541259766,-0.2943113446235657
640,1747851508328.1562,51.897098541259766,0.19411619007587433
640,1747851508328.1562,51.897098541259766,0.22610041499137878
640,1747851508328.1562,51.897098541259766,-0.17027521133422852
640,1747851508328.1562,51.897098541259766,-0.021091070026159286
640,1747851508328.1562,51.897098541259766,0.16657115519046783
640,1747851508328.1562,51.897098541259766,-0.04942953586578369
640,1747851508328.1562,51.897098541259766,-0.4325910210609436
640,1747851508328.1562,51.897098541259766,-0.20457357168197632
640,1747851508328.1562,51.897098541259766,0.4191643297672272
656,1747851509764.5452,51.897098541259766,-0.2935318946838379
656,1747851509764.5452,51.897098541259766,0.19186493754386902
656,1747851509764.5452,51.897098541259766,0.22548696398735046
656,1747851509764.5452,51.897098541259766,-0.16890555620193481
656,1747851509764.5452,51.897098541259766,-0.024365339428186417
656,1747851509764.5452,51.897098541259766,0.16786222159862518
656,1747851509764.5452,51.897098541259766,-0.04185578227043152
656,1747851509764.5452,51.897098541259766,-0.43444663286209106
656,1747851509764.5452,51.897098541259766,-0.2128174901008606
656,1747851509764.5452,51.897098541259766,0.41910696029663086
656,1747851509764.5452,51.897098541259766,0.5019018054008484
656,1747851509764.5452,51.897098541259766,-0.025354623794555664
656,1747851509764.5452,51.897098541259766,-0.3156934082508087
656,1747851509764.5452,51.897098541259766,-0.17235299944877625
656,1747851509764.5452,51.897098541259766,-0.04440763592720032
672,1747851511206.6787,53.57120132446289,0.16937720775604248
672,1747851511206.6787,53.57120132446289,-0.0327901691198349
672,1747851511206.6787,53.57120132446289,-0.4365617334842682
672,1747851511206.6787,53.57120132446289,-0.22257745265960693
672,1747851511206.6787,53.57120132446289,0.41902419924736023
672,1747851511206.6787,53.57120132446289,0.5092278718948364
672,1747851511206.6787,53.57120132446289,-0.02476435899734497
672,1747851511206.6787,53.57120132446289,-0.31969785690307617
672,1747851511206.6787,53.57120132446289,-0.1721293032169342
672,1747851511206.6787,53.57120132446289,-0.042481303215026855
672,1747851511206.6787,53.57120132446289,0.0008608400821685791
672,1747851511206.6787,53.57120132446289,0.0742514580488205
672,1747851511206.6787,53.57120132446289,0.10843950510025024
672,1747851511206.6787,53.57120132446289,0.05989432334899902
672,1747851511206.6787,53.57120132446289,-0.00022774934768676758
688,1747851512647.3196,53.57120132446289,0.5089488625526428
688,1747851512647.3196,53.57120132446289,-0.025553226470947266
688,1747851512647.3196,53.57120132446289,-0.31902992725372314
688,1747851512647.3196,53.57120132446289,-0.17024055123329163
688,1747851512647.3196,53.57120132446289,-0.04180184006690979
688,1747851512647.3196,53.57120132446289,0.0005000978708267212
688,1747851512647.3196,53.57120132446289,0.0728020966053009
688,1747851512647.3196,53.57120132446289,0.10689660906791687
688,1747851512647.3196,53.57120132446289,0.06011694669723511
688,1747851512647.3196,53.57120132446289,0.0011902302503585815
688,1747851512647.3196,53.57120132446289,-0.03939911723136902
688,1747851512647.3196,53.57120132446289,-0.0641925036907196
688,1747851512647.3196,53.57120132446289,-0.04766349866986275
688,1747851512647.3196,53.57120132446289,4.664063453674316e-06
688,1747851512647.3196,53.57120132446289,0.0319836363196373
704,1747851514085.249,53.57120132446289,0.0004916340112686157
704,1747851514085.249,53.57120132446289,0.07276968657970428
704,1747851514085.249,53.57120132446289,0.10728827118873596
704,1747851514085.249,53.57120132446289,0.05999600142240524
704,1747851514085.249,53.57120132446289,0.0008200407028198242
704,1747851514085.249,53.57120132446289,-0.03936288505792618
704,1747851514085.249,53.57120132446289,-0.06404532492160797
704,1747851514085.249,53.57120132446289,-0.04770900309085846
704,1747851514085.249,53.57120132446289,1.3113021850585938e-06
704,1747851514085.249,53.57120132446289,0.03210386261343956
704,1747851514085.249,53.57120132446289,0.031423501670360565
704,1747851514085.249,53.57120132446289,0.020274009555578232
704,1747851514085.249,53.57120132446289,0.0071650221943855286
704,1747851514085.249,53.57120132446289,-0.00981706753373146
704,1747851514085.249,53.57120132446289,-0.02007128857076168
720,1747851515524.301,51.897098541259766,-0.038604579865932465
720,1747851515524.301,51.897098541259766,-0.06433302164077759
720,1747851515524.301,51.897098541259766,-0.04801194742321968
720,1747851515524.301,51.897098541259766,-4.783272743225098e-06
720,1747851515524.301,51.897098541259766,0.031933583319187164
720,1747851515524.301,51.897098541259766,0.031080935150384903
720,1747851515524.301,51.897098541259766,0.020202316343784332
720,1747851515524.301,51.897098541259766,0.007438011467456818
720,1747851515524.301,51.897098541259766,-0.009460639208555222
720,1747851515524.301,51.897098541259766,-0.01995328813791275
720,1747851515524.301,51.897098541259766,-0.018025046214461327
720,1747851515524.301,51.897098541259766,-0.007178414613008499
720,1747851515524.301,51.897098541259766,0.006634369492530823
720,1747851515524.301,51.897098541259766,0.014358348213136196
720,1747851515524.301,51.897098541259766,0.012099888175725937
736,1747851516964.9243,51.897098541259766,0.030990151688456535
736,1747851516964.9243,51.897098541259766,0.020088370889425278
736,1747851516964.9243,51.897098541259766,0.007488537579774857
736,1747851516964.9243,51.897098541259766,-0.009379353374242783
736,1747851516964.9243,51.897098541259766,-0.0199094507843256
736,1747851516964.9243,51.897098541259766,-0.01801043190062046
736,1747851516964.9243,51.897098541259766,-0.0072459932416677475
736,1747851516964.9243,51.897098541259766,0.006564659997820854
736,1747851516964.9243,51.897098541259766,0.014400445856153965
736,1747851516964.9243,51.897098541259766,0.01215234026312828
736,1747851516964.9243,51.897098541259766,0.0016265735030174255
736,1747851516964.9243,51.897098541259766,-0.006185798905789852
736,1747851516964.9243,51.897098541259766,-0.003727702423930168
736,1747851516964.9243,51.897098541259766,-0.0031880242750048637
736,1747851516964.9243,51.897098541259766,-0.007032621651887894
752,1747851518406.7551,51.897098541259766,-0.018091754987835884
752,1747851518406.7551,51.897098541259766,-0.0074693672358989716
752,1747851518406.7551,51.897098541259766,0.006449531763792038
752,1747851518406.7551,51.897098541259766,0.014478839933872223
752,1747851518406.7551,51.897098541259766,0.012266255915164948
752,1747851518406.7551,51.897098541259766,0.0015653874725103378
752,1747851518406.7551,51.897098541259766,-0.006281168200075626
752,1747851518406.7551,51.897098541259766,-0.00352488923817873
752,1747851518406.7551,51.897098541259766,-0.003023277735337615
752,1747851518406.7551,51.897098541259766,-0.00729066226631403
752,1747851518406.7551,51.897098541259766,-0.0017244061455130577
752,1747851518406.7551,51.897098541259766,0.006229105405509472
752,1747851518406.7551,51.897098541259766,0.007186256814748049
752,1747851518406.7551,51.897098541259766,0.0024066627956926823
752,1747851518406.7551,51.897098541259766,-0.0014975843951106071
768,1747851519851.625,50.222999572753906,0.0015526022762060165
768,1747851519851.625,50.222999572753906,-0.006346296519041061
768,1747851519851.625,50.222999572753906,-0.003369418904185295
768,1747851519851.625,50.222999572753906,-0.0029261945746839046
768,1747851519851.625,50.222999572753906,-0.0075064608827233315
768,1747851519851.625,50.222999572753906,-0.0018181884661316872
768,1747851519851.625,50.222999572753906,0.006291819736361504
768,1747851519851.625,50.222999572753906,0.007260252255946398
768,1747851519851.625,50.222999572753906,0.002452515996992588
768,1747851519851.625,50.222999572753906,-0.0014721089974045753
768,1747851519851.625,50.222999572753906,-0.004074861295521259
768,1747851519851.625,50.222999572753906,-0.006037842482328415
768,1747851519851.625,50.222999572753906,0.0018483689054846764
768,1747851519851.625,50.222999572753906,0.006222498137503862
768,1747851519851.625,50.222999572753906,-0.0022157130297273397
784,1747851521284.7952,50.222999572753906,-0.001956951804459095
784,1747851521284.7952,50.222999572753906,0.006342969834804535
784,1747851521284.7952,50.222999572753906,0.007389007601886988
784,1747851521284.7952,50.222999572753906,0.002458252478390932
784,1747851521284.7952,50.222999572753906,-0.0015271343290805817
784,1747851521284.7952,50.222999572753906,-0.0040933978743851185
784,1747851521284.7952,50.222999572753906,-0.006071604788303375
784,1747851521284.7952,50.222999572753906,0.0018816175870597363
784,1747851521284.7952,50.222999572753906,0.006294841878116131
784,1747851521284.7952,50.222999572753906,-0.002274944446980953
784,1747851521284.7952,50.222999572753906,-0.0035145236179232597
784,1747851521284.7952,50.222999572753906,0.002061618724837899
784,1747851521284.7952,50.222999572753906,0.0031115987803786993
784,1747851521284.7952,50.222999572753906,-0.0029814785812050104
784,1747851521284.7952,50.222999572753906,-0.001208712812513113
800,1747851522726.324,50.222999572753906,-0.004201704636216164
800,1747851522726.324,50.222999572753906,-0.006339818239212036
800,1747851522726.324,50.222999572753906,0.002072954084724188
800,1747851522726.324,50.222999572753906,0.006661450490355492
800,1747851522726.324,50.222999572753906,-0.002472528489306569
800,1747851522726.324,50.222999572753906,-0.003825333435088396
800,1747851522726.324,50.222999572753906,0.0021069494541734457
800,1747851522726.324,50.222999572753906,0.0032749592792242765
800,1747851522726.324,50.222999572753906,-0.003115183673799038
800,1747851522726.324,50.222999572753906,-0.00120703992433846
800,1747851522726.324,50.222999572753906,0.00742572033777833
800,1747851522726.324,50.222999572753906,-0.0011729947291314602
800,1747851522726.324,50.222999572753906,-0.008511066436767578
800,1747851522726.324,50.222999572753906,-0.0026547363959252834
800,1747851522726.324,50.222999572753906,0.005258754827082157
816,1747851524165.7578,50.222999572753906,-0.004030558280646801
816,1747851524165.7578,50.222999572753906,0.0021951179951429367
816,1747851524165.7578,50.222999572753906,0.003521408885717392
816,1747851524165.7578,50.222999572753906,-0.002977923722937703
816,1747851524165.7578,50.222999572753906,-0.00117398495785892
816,1747851524165.7578,50.222999572753906,0.006817983463406563
816,1747851524165.7578,50.222999572753906,-0.0010885815136134624
816,1747851524165.7578,50.222999572753906,-0.007667690981179476
816,1747851524165.7578,50.222999572753906,-0.0029630796052515507
816,1747851524165.7578,50.222999572753906,0.004893148317933083
816,1747851524165.7578,50.222999572753906,0.005914903711527586
816,1747851524165.7578,50.222999572753906,-0.0006540860049426556
816,1747851524165.7578,50.222999572753906,-0.00282958778552711
816,1747851524165.7578,50.222999572753906,-0.0006651367293670774
816,1747851524165.7578,50.222999572753906,-0.001675129635259509
832,1747851525606.7007,50.222999572753906,0.00904819555580616
832,1747851525606.7007,50.222999572753906,-0.0014318814501166344
832,1747851525606.7007,50.222999572753906,-0.010317279025912285
832,1747851525606.7007,50.222999572753906,-0.0033969562500715256
832,1747851525606.7007,50.222999572753906,0.006311745382845402
832,1747851525606.7007,50.222999572753906,0.007095904555171728
832,1747851525606.7007,50.222999572753906,-0.00047389138489961624
832,1747851525606.7007,50.222999572753906,-0.003565719584003091
832,1747851525606.7007,50.222999572753906,-0.0012274137698113918
832,1747851525606.7007,50.222999572753906,-0.001729416660964489
832,1747851525606.7007,50.222999572753906,-0.0027590387035161257
832,1747851525606.7007,50.222999572753906,0.004361594561487436
832,1747851525606.7007,50.222999572753906,0.00511695584282279
832,1747851525606.7007,50.222999572753906,-0.002924831584095955
832,1747851525606.7007,50.222999572753906,-0.004787406884133816
848,1747851527043.9556,50.222999572753906,0.007379214279353619
848,1747851527043.9556,50.222999572753906,-0.0008142460137605667
848,1747851527043.9556,50.222999572753906,-0.0034668489824980497
848,1747851527043.9556,50.222999572753906,-0.0007549712900072336
848,1747851527043.9556,50.222999572753906,-0.0021028821356594563
848,1747851527043.9556,50.222999572753906,-0.002904764376580715
848,1747851527043.9556,50.222999572753906,0.004979872610419989
848,1747851527043.9556,50.222999572753906,0.005017755553126335
848,1747851527043.9556,50.222999572753906,-0.0037058480083942413
848,1747851527043.9556,50.222999572753906,-0.0047180261462926865
848,1747851527043.9556,50.222999572753906,0.003926865756511688
848,1747851527043.9556,50.222999572753906,0.004164770245552063
848,1747851527043.9556,50.222999572753906,-0.009366625919938087
848,1747851527043.9556,50.222999572753906,-0.0016120374202728271
848,1747851527043.9556,50.222999572753906,0.011908715590834618
864,1747851528487.7412,50.222999572753906,-0.0036782962270081043
864,1747851528487.7412,50.222999572753906,0.006698474287986755
864,1747851528487.7412,50.222999572753906,0.006007865536957979
864,1747851528487.7412,50.222999572753906,-0.0053194486536085606
864,1747851528487.7412,50.222999572753906,-0.005692068953067064
864,1747851528487.7412,50.222999572753906,0.005284422542899847
864,1747851528487.7412,50.222999572753906,0.005200423300266266
864,1747851528487.7412,50.222999572753906,-0.011534865945577621
864,1747851528487.7412,50.222999572753906,-0.0018144231289625168
864,1747851528487.7412,50.222999572753906,0.014257206581532955
864,1747851528487.7412,50.222999572753906,-0.0036418773233890533
864,1747851528487.7412,50.222999572753906,-0.006467941217124462
864,1747851528487.7412,50.222999572753906,0.006288922857493162
864,1747851528487.7412,50.222999572753906,-0.002813412109389901
864,1747851528487.7412,50.222999572753906,-0.0062029301188886166
880,1747851529925.1494,50.222999572753906,0.006544481031596661
880,1747851529925.1494,50.222999572753906,0.006279747933149338
880,1747851529925.1494,50.222999572753906,-0.013824462890625
880,1747851529925.1494,50.222999572753906,-0.002159746363759041
880,1747851529925.1494,50.222999572753906,0.01688264310359955
880,1747851529925.1494,50.222999572753906,-0.004497570917010307
880,1747851529925.1494,50.222999572753906,-0.007446580100804567
880,1747851529925.1494,50.222999572753906,0.007668304722756147
880,1747851529925.1494,50.222999572753906,-0.003622740041464567
880,1747851529925.1494,50.222999572753906,-0.00751868449151516
880,1747851529925.1494,50.222999572753906,0.009014235809445381
880,1747851529925.1494,50.222999572753906,0.0014280211180448532
880,1747851529925.1494,50.222999572753906,-0.006352629512548447
880,1747851529925.1494,50.222999572753906,0.005361677147448063
880,1747851529925.1494,50.222999572753906,0.0014587664045393467
896,1747851531364.8374,60.267601013183594,-0.005447237752377987
896,1747851531364.8374,60.267601013183594,-0.005426440853625536
896,1747851531364.8374,60.267601013183594,0.00816749781370163
896,1747851531364.8374,60.267601013183594,-0.004772904794663191
896,1747851531364.8374,60.267601013183594,-0.007556055672466755
896,1747851531364.8374,60.267601013183594,0.00969255156815052
896,1747851531364.8374,60.267601013183594,0.00045647984370589256
896,1747851531364.8374,60.267601013183594,-0.006306064780801535
896,1747851531364.8374,60.267601013183594,0.006592761259526014
896,1747851531364.8374,60.267601013183594,0.0015186653472483158
896,1747851531364.8374,60.267601013183594,-0.0081376563757658
896,1747851531364.8374,60.267601013183594,0.0005836137570440769
896,1747851531364.8374,60.267601013183594,0.006927695125341415
896,1747851531364.8374,60.267601013183594,-0.004872879013419151
896,1747851531364.8374,60.267601013183594,-0.006120744161307812
